indicator,area,period,value,unit,page,model,provenance,evidence,unit_range,arithmetic,cross_read,status,reason
tableau_1_taux_de_chômage_pa,Littoral Nord,2021,11.2,%,1,rules-only,True,True,True,True,match,verified,
tableau_1_taux_de_chômage_pa,Littoral Nord,2022,10.8,%,1,rules-only,True,True,True,True,match,verified,
tableau_1_taux_de_chômage_pa,Littoral Nord,2023,10.1,%,1,rules-only,True,True,True,True,match,verified,
tableau_1_taux_de_chômage_pa,Littoral Nord,2024,9.7,%,1,rules-only,True,True,True,True,match,verified,
tableau_1_taux_de_chômage_pa,Littoral Nord,2025,8.9,%,1,rules-only,True,True,True,True,match,verified,
tableau_1_taux_de_chômage_pa,Littoral Sud,2021,13.9,%,1,rules-only,True,True,True,True,match,verified,
tableau_1_taux_de_chômage_pa,Littoral Sud,2022,13.4,%,1,rules-only,True,True,True,True,match,verified,
tableau_1_taux_de_chômage_pa,Littoral Sud,2023,12.9,%,1,rules-only,True,True,True,True,match,verified,
tableau_1_taux_de_chômage_pa,Littoral Sud,2024,12.6,%,1,rules-only,True,True,True,True,match,verified,
tableau_1_taux_de_chômage_pa,Littoral Sud,2025,11.8,%,1,rules-only,True,True,True,True,match,verified,
tableau_1_taux_de_chômage_pa,Plateau Central,2021,23.8,%,1,rules-only,True,True,True,True,match,verified,
tableau_1_taux_de_chômage_pa,Plateau Central,2022,23.1,%,1,rules-only,True,True,True,True,match,verified,
tableau_1_taux_de_chômage_pa,Plateau Central,2023,22.4,%,1,rules-only,True,True,True,True,match,verified,
tableau_1_taux_de_chômage_pa,Plateau Central,2024,21.9,%,1,rules-only,True,True,True,True,match,verified,
tableau_1_taux_de_chômage_pa,Plateau Central,2025,21.3,%,1,rules-only,True,True,True,True,match,verified,
tableau_1_taux_de_chômage_pa,Vallée de l'Est,2021,15.6,%,1,rules-only,True,True,True,True,match,verified,
tableau_1_taux_de_chômage_pa,Vallée de l'Est,2022,15.2,%,1,rules-only,True,True,True,True,match,verified,
tableau_1_taux_de_chômage_pa,Vallée de l'Est,2023,14.7,%,1,rules-only,True,True,True,True,match,verified,
tableau_1_taux_de_chômage_pa,Vallée de l'Est,2024,14.1,%,1,rules-only,True,True,True,True,match,verified,
tableau_1_taux_de_chômage_pa,Vallée de l'Est,2025,13.4,%,1,rules-only,True,True,True,True,match,verified,
tableau_1_taux_de_chômage_pa,Hauts Plateaux,2021,19.4,%,1,rules-only,True,True,True,True,match,verified,
tableau_1_taux_de_chômage_pa,Hauts Plateaux,2022,19.0,%,1,rules-only,True,True,True,True,match,verified,
tableau_1_taux_de_chômage_pa,Hauts Plateaux,2023,18.2,%,1,rules-only,True,True,True,True,match,verified,
tableau_1_taux_de_chômage_pa,Hauts Plateaux,2024,17.8,%,1,rules-only,True,True,True,True,match,verified,
tableau_1_taux_de_chômage_pa,Hauts Plateaux,2025,17.0,%,1,rules-only,True,True,True,True,match,verified,
tableau_1_taux_de_chômage_pa,Extrême Ouest,2021,17.1,%,1,rules-only,True,True,True,True,match,verified,
tableau_1_taux_de_chômage_pa,Extrême Ouest,2022,16.9,%,1,rules-only,True,True,True,True,match,verified,
tableau_1_taux_de_chômage_pa,Extrême Ouest,2023,16.3,%,1,rules-only,True,True,True,True,match,verified,
tableau_1_taux_de_chômage_pa,Extrême Ouest,2024,15.8,%,1,rules-only,True,True,True,True,match,verified,
tableau_1_taux_de_chômage_pa,Extrême Ouest,2025,15.1,%,1,rules-only,True,True,True,True,match,verified,
tableau_1_taux_de_chômage_pa,Ensemble du pays,2021,14.9,%,1,rules-only,True,True,True,True,match,verified,
tableau_1_taux_de_chômage_pa,Ensemble du pays,2022,14.5,%,1,rules-only,True,True,True,True,match,verified,
tableau_1_taux_de_chômage_pa,Ensemble du pays,2023,13.9,%,1,rules-only,True,True,True,True,match,verified,
tableau_1_taux_de_chômage_pa,Ensemble du pays,2024,13.4,%,1,rules-only,True,True,True,True,match,verified,
tableau_1_taux_de_chômage_pa,Ensemble du pays,2025,12.8,%,1,rules-only,True,True,True,True,match,verified,
tableau_2_population_résiden,Littoral Nord,Population,4912.0,,2,rules-only,True,True,True,True,match,verified,
tableau_2_population_résiden,Littoral Nord,Part (%),26.2,,2,rules-only,True,True,True,True,match,verified,
tableau_2_population_résiden,Littoral Nord,Densité (hab/km2),312.0,,2,rules-only,True,True,True,True,match,verified,
tableau_2_population_résiden,Littoral Sud,Population,3704.0,,2,rules-only,True,True,True,True,match,verified,
tableau_2_population_résiden,Littoral Sud,Part (%),19.8,,2,rules-only,True,True,True,True,match,verified,
tableau_2_population_résiden,Littoral Sud,Densité (hab/km2),188.0,,2,rules-only,True,True,True,True,match,verified,
tableau_2_population_résiden,Plateau Central,Population,2158.0,,2,rules-only,True,True,True,True,match,verified,
tableau_2_population_résiden,Plateau Central,Part (%),11.5,,2,rules-only,True,True,True,True,match,verified,
tableau_2_population_résiden,Plateau Central,Densité (hab/km2),41.0,,2,rules-only,True,True,True,True,match,verified,
tableau_2_population_résiden,Vallée de l'Est,Population,3261.0,,2,rules-only,True,True,True,True,match,verified,
tableau_2_population_résiden,Vallée de l'Est,Part (%),17.4,,2,rules-only,True,True,True,True,match,verified,
tableau_2_population_résiden,Vallée de l'Est,Densité (hab/km2),97.0,,2,rules-only,True,True,True,True,match,verified,
tableau_2_population_résiden,Hauts Plateaux,Population,2489.0,,2,rules-only,True,True,True,True,match,verified,
tableau_2_population_résiden,Hauts Plateaux,Part (%),13.3,,2,rules-only,True,True,True,True,match,verified,
tableau_2_population_résiden,Extrême Ouest,Population,2218.0,,2,rules-only,True,True,True,True,match,verified,
tableau_2_population_résiden,Extrême Ouest,Part (%),11.8,,2,rules-only,True,True,True,True,match,verified,
tableau_2_population_résiden,Extrême Ouest,Densité (hab/km2),23.0,,2,rules-only,True,True,True,True,match,verified,
tableau_2_population_résiden,Total,Population,18742.0,,2,rules-only,True,True,True,True,match,verified,
tableau_2_population_résiden,Total,Part (%),100.0,,2,rules-only,True,True,True,True,match,verified,
tableau_2_population_résiden,Total,Densité (hab/km2),114.0,,2,rules-only,True,True,True,True,match,verified,
tableau_3_ménages_disposant_,Littoral Nord,2023,64.1,%,2,rules-only,True,True,True,True,match,verified,
tableau_3_ménages_disposant_,Littoral Nord,2025,78.3,%,2,rules-only,True,True,True,True,match,verified,
tableau_3_ménages_disposant_,Littoral Nord,Variation (points),14.2,%,2,rules-only,True,True,True,True,match,verified,
tableau_3_ménages_disposant_,Littoral Sud,2023,55.7,%,2,rules-only,True,True,True,True,match,verified,
tableau_3_ménages_disposant_,Littoral Sud,2025,69.4,%,2,rules-only,True,True,True,True,match,verified,
tableau_3_ménages_disposant_,Littoral Sud,Variation (points),13.7,%,2,rules-only,True,True,True,True,match,verified,
tableau_3_ménages_disposant_,Plateau Central,2023,33.2,%,2,rules-only,True,True,True,True,match,verified,
tableau_3_ménages_disposant_,Plateau Central,2025,46.8,%,2,rules-only,True,True,True,True,match,verified,
tableau_3_ménages_disposant_,Plateau Central,Variation (points),13.6,%,2,rules-only,True,True,True,True,match,verified,
tableau_3_ménages_disposant_,Vallée de l'Est,2023,47.9,%,2,rules-only,True,True,True,True,match,verified,
tableau_3_ménages_disposant_,Vallée de l'Est,2025,60.2,%,2,rules-only,True,True,True,True,match,verified,
tableau_3_ménages_disposant_,Vallée de l'Est,Variation (points),12.3,%,2,rules-only,True,True,True,True,match,verified,
tableau_3_ménages_disposant_,Hauts Plateaux,2023,38.4,%,2,rules-only,True,True,True,True,match,verified,
tableau_3_ménages_disposant_,Hauts Plateaux,2025,51.1,%,2,rules-only,True,True,True,True,match,verified,
tableau_3_ménages_disposant_,Hauts Plateaux,Variation (points),12.7,%,2,rules-only,True,True,True,True,match,verified,
tableau_3_ménages_disposant_,Extrême Ouest,2023,35.6,%,2,rules-only,True,True,True,True,match,verified,
tableau_3_ménages_disposant_,Extrême Ouest,2025,47.9,%,2,rules-only,True,True,True,True,match,verified,
tableau_3_ménages_disposant_,Extrême Ouest,Variation (points),12.3,%,2,rules-only,True,True,True,True,match,verified,
tableau_3_ménages_disposant_,Ensemble du pays,2023,48.2,%,2,rules-only,True,True,True,True,match,verified,
tableau_3_ménages_disposant_,Ensemble du pays,2025,61.4,%,2,rules-only,True,True,True,True,match,verified,
tableau_3_ménages_disposant_,Ensemble du pays,Variation (points),13.2,%,2,rules-only,True,True,True,True,match,verified,
